"course_key","course_name","tee_name","tee_color","gender","course_rating","slope_rating","total_yards","source_url","notes"
"aguila","Aguila","Silver","Silver","M","70.0","123","","https://greenskeeper.org/arizona/phoenix/Aguila_Golf_Course/scorecard.cfm","Selected verified tee from course seed."
"ahwatukee","Ahwatukee","Middle","Middle","M","68.1","114","","https://www.bestapproach.com/scorecards/AHW_ahwatukee/scorecard.html","Selected verified tee from course seed."
"ak-chin-southern-dunes","Ak-Chin Southern Dunes","Blue","Blue","M","71.2","129","","https://www.akchinsoutherndunes.com/scorecard/","Selected verified tee from course seed."
"apache-creek","Apache Creek","Red","Red","F","64.4","111","5315","https://www.golfify.io/courses/apache-creek-golf-club","Structured Golfify tee rating/slope seed."
"apache-creek","Apache Creek","Blue","Blue","M","69.4","119","6363","https://www.golfify.io/courses/apache-creek-golf-club","Structured Golfify tee rating/slope seed."
"apache-creek","Apache Creek","White","White","M","64.4","111","5967","https://www.golfify.io/courses/apache-creek-golf-club","Structured Golfify tee rating/slope seed."
"apache-creek","Apache Creek","Red","Red","M","64.4","111","5315","https://www.golfify.io/courses/apache-creek-golf-club","Structured Golfify tee rating/slope seed."
"apache-sun","Apache Sun","Blue","Blue","M","63.0","99","","https://www.birdierally.com/courses/apache-sun-golf-club-queen-creek-az","Selected verified tee from course seed."
"apache-wells","Apache Wells","White","White","M","66.3","106","","https://apachewellscountryclub.com/golf/scorecard/","Selected verified tee from course seed."
"apache-wells-executive","Apache Wells Executive","Blue","Blue","M","67.9","109","","https://apachewellscountryclub.com/golf/scorecard/","Selected verified tee from course seed."
"arizona-country-club","Arizona Country Club","Blue","Blue","M","71.9","130","6720","https://www.golfify.io/courses/the-arizona-country-club","Structured Golfify tee rating/slope seed."
"arizona-country-club","Arizona Country Club","Combo","Blue","M","71.2","128","6568","https://www.golfify.io/courses/the-arizona-country-club","Structured Golfify tee rating/slope seed."
"arizona-country-club","Arizona Country Club","White","White","M","70","124","6397","https://www.golfify.io/courses/the-arizona-country-club","Structured Golfify tee rating/slope seed."
"arizona-country-club","Arizona Country Club","Green","Green","M","67.9","120","5930","https://www.golfify.io/courses/the-arizona-country-club","Structured Golfify tee rating/slope seed."
"arizona-country-club","Arizona Country Club","Red","Red","M","70.6","120","5398","https://www.golfify.io/courses/the-arizona-country-club","Structured Golfify tee rating/slope seed."
"arizona-grand-golf-course","Arizona Grand Golf Course","Red","Red","F","67","110","4628","https://www.golfify.io/courses/arizona-grand-golf-course","Structured Golfify tee rating/slope seed."
"arizona-grand-golf-course","Arizona Grand Golf Course","Black","Black","M","68.5","124","6288","https://www.golfify.io/courses/arizona-grand-golf-course","Structured Golfify tee rating/slope seed."
"arizona-grand-golf-course","Arizona Grand Golf Course","Blue","Blue","M","67","119","5872","https://www.golfify.io/courses/arizona-grand-golf-course","Structured Golfify tee rating/slope seed."
"arizona-grand-golf-course","Arizona Grand Golf Course","White","White","M","65.2","114","5438","https://www.golfify.io/courses/arizona-grand-golf-course","Structured Golfify tee rating/slope seed."
"arizona-grand-golf-course","Arizona Grand Golf Course","Red","Red","M","67","110","4628","https://www.golfify.io/courses/arizona-grand-golf-course","Structured Golfify tee rating/slope seed."
"bear-creek-cub-course","Bear Creek (Cub Course)","Blue","Blue","M","58.4","85","","https://www.bearcreekaz.com/wp-content/uploads/sites/8610/2022/10/scorecard-cub.pdf","Selected verified tee from course seed."
"bear-creek-golf-club-bear-course","Bear Creek Golf Club (Bear Course)","Blue","Blue","M","69.6","116","","https://www.bearcreekaz.com/wp-content/uploads/sites/8610/2022/10/scorecard-bear.pdf","Selected verified tee from course seed."
"bellair","Bellair","Champion","Blue","M","56.2","90","3493","https://www.golfify.io/courses/bellair-golf-club","Structured Golfify tee rating/slope seed."
"bellair","Bellair","Middle","White","M","55.8","89","3412","https://www.golfify.io/courses/bellair-golf-club","Structured Golfify tee rating/slope seed."
"bellair","Bellair","Forward","Red","M","57.6","86","3169","https://www.golfify.io/courses/bellair-golf-club","Structured Golfify tee rating/slope seed."
"briarwood","Briarwood","Tan (L)","Brown","F","74.8","129","6005","https://www.golfify.io/courses/briarwood-country-club","Structured Golfify tee rating/slope seed."
"briarwood","Briarwood","Teal (L)","Brown","F","71","121","5323","https://www.golfify.io/courses/briarwood-country-club","Structured Golfify tee rating/slope seed."
"briarwood","Briarwood","Gold (L)","Gold","F","65.8","111","4506","https://www.golfify.io/courses/briarwood-country-club","Structured Golfify tee rating/slope seed."
"briarwood","Briarwood","Black","Black","M","71.4","129","6576","https://www.golfify.io/courses/briarwood-country-club","Structured Golfify tee rating/slope seed."
"briarwood","Briarwood","Burgundy","Red","M","69.9","126","6300","https://www.golfify.io/courses/briarwood-country-club","Structured Golfify tee rating/slope seed."
"briarwood","Briarwood","Tan","Brown","M","68.1","122","6005","https://www.golfify.io/courses/briarwood-country-club","Structured Golfify tee rating/slope seed."
"briarwood","Briarwood","Teal","Blue","M","65.2","113","5323","https://www.golfify.io/courses/briarwood-country-club","Structured Golfify tee rating/slope seed."
"briarwood","Briarwood","Gold","Gold","M","62.2","103","4506","https://www.golfify.io/courses/briarwood-country-club","Structured Golfify tee rating/slope seed."
"camelback-golf-club-ambiente","Camelback Golf Club (Ambiente)","Tan","Tan","M","69.1","125","","https://golfscottsdalearizona.com/camelback-golf-club-ambiente-course/","Selected verified tee from course seed."
"camelback-golf-club-padres","Camelback Golf Club (Padres)","White","White","M","70.0","123","","https://course.bluegolf.com/bluegolf/course/course/camelback/detailedscorecard.htm","Selected verified tee from course seed."
"cave-creek","Cave Creek","Regular","Regular","M","69.0","116","","https://course.bluegolf.com/bluegolf/course/course/cavecreekgc/detailedscorecard.htm","Selected verified tee from course seed."
"cimarron","Cimarron","Championship","Blue","M","71.3","123","6809","https://www.golfify.io/courses/cimarron-golf-club","Structured Golfify tee rating/slope seed."
"cimarron","Cimarron","Palm","Gold","M","69.2","121","6371","https://www.golfify.io/courses/cimarron-golf-club","Structured Golfify tee rating/slope seed."
"cimarron","Cimarron","Vintage","White","M","67.3","117","6002","https://www.golfify.io/courses/cimarron-golf-club","Structured Golfify tee rating/slope seed."
"cimarron","Cimarron","Forward","Red","M","69.3","117","5249","https://www.golfify.io/courses/cimarron-golf-club","Structured Golfify tee rating/slope seed."
"corte-bella","Corte Bella","White/Copper","White/Copper","M","68.0","118","","https://www.cortebellagolfclub.com/golf/view-scorecard","Selected verified tee from course seed."
"coyote-lakes","Coyote Lakes","Green","Green","M","69.1","120","","https://customer.condoresorts.com/CoyoteLakes","Selected verified tee from course seed."
"deer-valley","Deer Valley","White","White","M","68.3","118","","https://suncitywest.com/wp-content/uploads/2023/11/deer-valley-scorecard.pdf","Selected verified tee from course seed."
"desert-canyon","Desert Canyon","Black","Black","M","69.9","125","6455","https://www.golfify.io/courses/desert-canyon-golf-club","Structured Golfify tee rating/slope seed."
"desert-canyon","Desert Canyon","Blue","Blue","M","68.4","118","6155","https://www.golfify.io/courses/desert-canyon-golf-club","Structured Golfify tee rating/slope seed."
"desert-canyon","Desert Canyon","White","White","M","66.4","114","5793","https://www.golfify.io/courses/desert-canyon-golf-club","Structured Golfify tee rating/slope seed."
"desert-canyon","Desert Canyon","Red","Red","M","68","114","5230","https://www.golfify.io/courses/desert-canyon-golf-club","Structured Golfify tee rating/slope seed."
"dobson-ranch","Dobson Ranch","White","White","M","68.9","119","","https://www.bestapproach.com/scorecards/DOB_dobsonranch/scorecard.html","Selected verified tee from course seed."
"eagle-mountain-golf-club","Eagle Mountain Golf Club","Green","Green","M","69.1","127","","https://www.eaglemtn.com/wp-content/uploads/sites/8973/2023/06/2014-Scorecard.pdf","Selected verified tee from course seed."
"encanto-18","Encanto 18","White","White","M","68.3","111","","https://course.bluegolf.com/bluegolf/course/course/encantogc/detailedscorecard.htm","Selected verified tee from course seed."
"encanto-9","Encanto 9","Black","Black","M","28.5","80","","https://www.golfify.io/courses/encanto-9-golf-course","Selected verified tee from course seed."
"estrella-golf-club","Estrella Golf Club","Gold","Gold","M","68.4","123","","https://www.bestapproach.com/scorecards/EMR_estrella/scorecard.html","Selected verified tee from course seed."
"executive-at-palm-valley-lakes-south-west","Executive at Palm Valley (Lakes (South/West))","Gold","Gold","M","61.8","95","6885","https://www.golfify.io/courses/palm-valley-golf-club-lakes","Structured Golfify tee rating/slope seed."
"executive-at-palm-valley-lakes-south-west","Executive at Palm Valley (Lakes (South/West))","Blue","Blue","M","60.3","92","6490","https://www.golfify.io/courses/palm-valley-golf-club-lakes","Structured Golfify tee rating/slope seed."
"executive-at-palm-valley-lakes-south-west","Executive at Palm Valley (Lakes (South/West))","White","White","M","58.2","89","6070","https://www.golfify.io/courses/palm-valley-golf-club-lakes","Structured Golfify tee rating/slope seed."
"executive-at-palm-valley-lakes-south-west","Executive at Palm Valley (Lakes (South/West))","Combo","combo","M","56.9","83","5585","https://www.golfify.io/courses/palm-valley-golf-club-lakes","Structured Golfify tee rating/slope seed."
"falcon-dunes","Falcon Dunes","Falcon","Black","M","71.7","130","6611","https://www.golfify.io/courses/falcon-dunes-golf-course","Structured Golfify tee rating/slope seed."
"falcon-dunes","Falcon Dunes","Eagle","Blue","M","68.5","123","6035","https://www.golfify.io/courses/falcon-dunes-golf-course","Structured Golfify tee rating/slope seed."
"falcon-dunes","Falcon Dunes","Phantom","White","M","66.7","117","5641","https://www.golfify.io/courses/falcon-dunes-golf-course","Structured Golfify tee rating/slope seed."
"falcon-dunes","Falcon Dunes","Starfighter","Red","M","67.9","108","5086","https://www.golfify.io/courses/falcon-dunes-golf-course","Structured Golfify tee rating/slope seed."
"foothills","Foothills","Middle","Middle","M","68.1","116","","https://www.bestapproach.com/scorecards/FTH_foothills/scorecard.html","Selected verified tee from course seed."
"gcu-golf-course","GCU Golf Course","Purple","Purple","M","74.3","135","7239","https://www.golfify.io/courses/grand-canyon-university-golf-course","Structured Golfify tee rating/slope seed."
"gcu-golf-course","GCU Golf Course","Black","Black","M","71.5","128","6728","https://www.golfify.io/courses/grand-canyon-university-golf-course","Structured Golfify tee rating/slope seed."
"gcu-golf-course","GCU Golf Course","Black/White","Grey","M","69.8","123","6396","https://www.golfify.io/courses/grand-canyon-university-golf-course","Structured Golfify tee rating/slope seed."
"gcu-golf-course","GCU Golf Course","White","White","M","68.4","120","6127","https://www.golfify.io/courses/grand-canyon-university-golf-course","Structured Golfify tee rating/slope seed."
"gcu-golf-course","GCU Golf Course","Gray","Gray","M","71.7","123","5704","https://www.golfify.io/courses/grand-canyon-university-golf-course","Structured Golfify tee rating/slope seed."
"gcu-golf-course","GCU Golf Course","Red","Red","M","68.2","115","5104","https://www.golfify.io/courses/grand-canyon-university-golf-course","Structured Golfify tee rating/slope seed."
"gold-canyon-dinosaur-mountain","Gold Canyon (Dinosaur Mountain)","Black/Blue","Black/Blue","M","68.6","132","","https://www.gcgr.com/images/pictures/scorecard-dinosaur-mountain.jpg","Selected verified tee from course seed."
"gold-canyon-sidewinder","Gold Canyon (Sidewinder)","Black/Blue","Black/Blue","M","68.7","126","","https://www.gcgr.com/images/pictures/scorecard-sidewinder.jpg","Selected verified tee from course seed."
"granite-falls-north","Granite Falls (North)","White","White","M","68.9","116","","https://www.sibbach.com/wp-content/uploads/2017/08/Granite-Falls-Scorecards.jpg","Selected verified tee from course seed."
"granite-falls-south","Granite Falls (South)","White","White","M","68.8","113","","https://www.sibbach.com/wp-content/uploads/2017/08/Granite-Falls-Scorecards.jpg","Selected verified tee from course seed."
"grayhawk-golf-club-raptor","Grayhawk Golf Club (Raptor)","Terra Cotta","Terra Cotta","M","69.5","130","","https://grayhawkgolf.com/wp-content/uploads/2024/06/Raptor-Scorecard.pdf","Selected verified tee from course seed."
"grayhawk-golf-club-talon","Grayhawk Golf Club (Talon)","Palo Verde","Palo Verde","M","71.4","137","","https://grayhawkgolf.com/wp-content/uploads/2024/06/Talon-Scorecard.pdf","Selected verified tee from course seed."
"hillcrest","Hillcrest","White","White","M","69.1","116","","https://customer.condoresorts.com/Hillcrest","Selected verified tee from course seed."
"johnson-ranch","Johnson Ranch","White","White","M","67.8","114","","https://www.santanhighlands.com/golf/course","Selected verified tee from course seed."
"kokopelli","Kokopelli","Blue","Blue","M","72.2","132","6716","https://www.golfify.io/courses/kokopelli-golf-course","Structured Golfify tee rating/slope seed."
"kokopelli","Kokopelli","Gold","Gold","M","70.1","128","6521","https://www.golfify.io/courses/kokopelli-golf-course","Structured Golfify tee rating/slope seed."
"kokopelli","Kokopelli","Black","Black","M","68.6","125","6124","https://www.golfify.io/courses/kokopelli-golf-course","Structured Golfify tee rating/slope seed."
"kokopelli","Kokopelli","White","White","M","68.8","120","4992","https://www.golfify.io/courses/kokopelli-golf-course","Structured Golfify tee rating/slope seed."
"las-colinas","Las Colinas","Coyote","Blue","M","71.4","124","6597","https://www.golfify.io/courses/las-colinas-golf-course","Structured Golfify tee rating/slope seed."
"las-colinas","Las Colinas","Roadrunner","White","M","68.6","115","6332","https://www.golfify.io/courses/las-colinas-golf-course","Structured Golfify tee rating/slope seed."
"las-colinas","Las Colinas","Quail","Red","M","66.6","106","5014","https://www.golfify.io/courses/las-colinas-golf-course","Structured Golfify tee rating/slope seed."
"las-sendas-golf-club","Las Sendas Golf Club","Blue","Blue","M","69.6","125","","https://www.lassendas.com/wp-content/uploads/sites/8436/2022/10/Scorecard.jpg","Selected verified tee from course seed."
"legacy-golf-club","Legacy Golf Club","White","White","M","67.1","110","","https://www.golflegacyresort.com/golf/scorecard-2/","Selected verified tee from course seed."
"leisure-world-country-club-coyote-run","Leisure World Country Club (Coyote Run)","White","White","M","68.3","115","","https://www.birdierally.com/courses/leisure-world-country-club-coyote-run-mesa-az","Selected verified tee from course seed."
"lone-tree-golf-club","Lone Tree Golf Club","Blue","Blue","M","69.8","116","","https://www.lonetreegolf18.com/golf/course-details","Selected verified tee from course seed."
"longbow-golf-club","Longbow Golf Club","Green/White","Green/White","M","69.0","124","","https://golfscottsdalearizona.com/longbow-golf-club/","Selected verified tee from course seed."
"lookout-mountain-golf-club","Lookout Mountain Golf Club","Blue/White","Blue/White","M","69.0","130","","https://www.lookoutmountaingolf.com/wp-content/uploads/sites/9001/2025/09/LOM-SCORECARD_87dd33.pdf","Selected verified tee from course seed."
"mccormick-ranch-palm","McCormick Ranch (Palm)","White","White","M","70.1","127","","https://mccormickranchgolf.com/wp-content/uploads/2023/01/MRGCS-Scorecard-Pine-and-Palm.pdf","Selected verified tee from course seed."
"mccormick-ranch-pine","McCormick Ranch (Pine)","White","White","M","70.5","127","","https://mccormickranchgolf.com/wp-content/uploads/2023/01/MRGCS-Scorecard-Pine-and-Palm.pdf","Selected verified tee from course seed."
"mcdowell-mountain-golf-club","McDowell Mountain Golf Club","Gold/White","Gold/White","M","68.4","123","","https://course.bluegolf.com/bluegolf/course/course/sanctuarygc2/detailedscorecard.htm","Selected verified tee from course seed."
"moon-valley-cc","Moon Valley CC","Black","Black","M","74.3","125","7216","https://www.golfify.io/courses/moon-valley-country-club","Structured Golfify tee rating/slope seed."
"moon-valley-cc","Moon Valley CC","Black/Blue","Brown","M","72.7","122","7011","https://www.golfify.io/courses/moon-valley-country-club","Structured Golfify tee rating/slope seed."
"moon-valley-cc","Moon Valley CC","Blue","Blue","M","71.1","120","6584","https://www.golfify.io/courses/moon-valley-country-club","Structured Golfify tee rating/slope seed."
"moon-valley-cc","Moon Valley CC","Blue/White","Turquoise","M","69.6","119","6335","https://www.golfify.io/courses/moon-valley-country-club","Structured Golfify tee rating/slope seed."
"moon-valley-cc","Moon Valley CC","White","White","M","68.1","118","5998","https://www.golfify.io/courses/moon-valley-country-club","Structured Golfify tee rating/slope seed."
"moon-valley-cc","Moon Valley CC","White/Red","Pink","M","71.7","127","5635","https://www.golfify.io/courses/moon-valley-country-club","Structured Golfify tee rating/slope seed."
"moon-valley-cc","Moon Valley CC","Red","Red","M","69.7","121","5285","https://www.golfify.io/courses/moon-valley-country-club","Structured Golfify tee rating/slope seed."
"mountain-brook","Mountain Brook","White","White","M","66.3","109","","https://www.bestapproach.com/scorecards/MTB_mountainbrook/scorecard.html","Selected verified tee from course seed."
"oakwood","Oakwood","White","White","M","66.4","110","","https://www.ironoaksaz.com/files/Oakwood%20GC%20Scorecard%20with%20Reclaimed%20Water%20info.pdf","Selected verified tee from course seed."
"ocotillo-golf-club-blue-white","Ocotillo Golf Club (Blue/White)","Blue","Blue","M","69.2","122","","https://customer.condoresorts.com/Ocotillo","Selected verified tee from course seed."
"orange-tree-golf-club","Orange Tree Golf Club","White","White","M","69.3","119","","https://orangetreegolfcourse.com/wp-content/uploads/2025/11/orange-tree-golf-resort-scorecard.webp","Selected verified tee from course seed."
"painted-mountain","Painted Mountain","Blue","Blue","M","66.3","110","","https://paintedmountaingolf.com/images/documents/scorecard.pdf","Selected verified tee from course seed."
"palm-valley-golf-club","Palm Valley Golf Club","Regular","Regular","M","69.1","123","","https://customer.condoresorts.com/PalmValley","Selected verified tee from course seed."
"palo-verde","Palo Verde","Blue","Blue","M","59.7","96","4068","https://www.golfify.io/courses/palo-verde-golf-course-sun-lakes","Structured Golfify tee rating/slope seed."
"palo-verde","Palo Verde","White","White","M","59.3","92","3857","https://www.golfify.io/courses/palo-verde-golf-course-sun-lakes","Structured Golfify tee rating/slope seed."
"palo-verde","Palo Verde","Red","Red","M","57.9","90","3342","https://www.golfify.io/courses/palo-verde-golf-course-sun-lakes","Structured Golfify tee rating/slope seed."
"papago-golf-club","Papago Golf Club","White/Green","White/Green","M","68.2","117","","https://www.papagogolfclub.com/wp-content/uploads/sites/8929/2025/01/Untitled-design-5.jpg","Selected verified tee from course seed."
"paradise-valley-gc","Paradise Valley GC","Ladies (L)","Red","F","57.9","85","3404","https://www.golfify.io/courses/paradise-valley-park-golf-course","Structured Golfify tee rating/slope seed."
"paradise-valley-gc","Paradise Valley GC","Champions","Blue","M","59.2","88","4107","https://www.golfify.io/courses/paradise-valley-park-golf-course","Structured Golfify tee rating/slope seed."
"paradise-valley-gc","Paradise Valley GC","Regular","White","M","58.5","85","3789","https://www.golfify.io/courses/paradise-valley-park-golf-course","Structured Golfify tee rating/slope seed."
"pebblebrook","Pebblebrook","White","White","M","68.6","116","","https://suncitywest.com/wp-content/uploads/2023/11/pebblebrook-scorecard.pdf","Selected verified tee from course seed."
"phoenician-golf-club","Phoenician Golf Club","Phoenician","Phoenician","M","68.0","122","","https://cdn.marriottnetwork.com/uploads/sites/23/2024/02/PHX-SC.pdf","Selected verified tee from course seed."
"phoenix-country-club","Phoenix Country Club","White/Blue","White/Blue","M","68.9","125","","https://www.phoenixcountryclub.com/golf/scorecard","Selected verified tee from course seed."
"poston-butte-golf-club","Poston Butte Golf Club","White","White","M","69.2","119","","https://www.postonbutte.com/scorecard/","Selected verified tee from course seed."
"quintero-golf-club","Quintero Golf Club","Silver","Silver","M","70.7","137","","https://www.quinterogolf.com/wp-content/uploads/2020/04/scorecard_2017.pdf","Selected verified tee from course seed."
"rancho-manana","Rancho Manana","White","White","M","71.2","130","","https://www.bestapproach.com/scorecards/RMN_ranchomanana/scorecard.html","Selected verified tee from course seed."
"raven-golf-club","Raven Golf Club","Regular","Regular","M","68.3","121","","https://course.bluegolf.com/bluegolf/course/course/ravensouthmt/detailedscorecard.htm","Selected verified tee from course seed."
"red-mountain-ranch","Red Mountain Ranch","Blue","Blue","M","69.4","134","","https://greenskeeper.org/arizona/phoenix/red_mountain_ranch_country_club/scorecard.cfm","Selected verified tee from course seed."
"rolling-hills","Rolling Hills","Blue","Blue","M","57.4","90","3828","https://www.golfify.io/courses/rolling-hills-golf-course-tempe","Structured Golfify tee rating/slope seed."
"rolling-hills","Rolling Hills","White","White","M","55.9","83","3454","https://www.golfify.io/courses/rolling-hills-golf-course-tempe","Structured Golfify tee rating/slope seed."
"rolling-hills","Rolling Hills","Red","Red","M","57.3","87","3283","https://www.golfify.io/courses/rolling-hills-golf-course-tempe","Structured Golfify tee rating/slope seed."
"san-marcos","San Marcos","Blue","Blue","M","69.3","120","","https://www.sanmarcosgolfresort.com/golf/course-details","Selected verified tee from course seed."
"seville","Seville","Gold/Blue","Gold/Blue","M","69.8","116","","https://course.bluegolf.com/bluegolf/course/course/sevillegcc/detailedscorecard.htm","Selected verified tee from course seed."
"stonecreek-golf-club","Stonecreek Golf Club","Middle","Middle","M","68.1","125","","https://customer.condoresorts.com/Stonecreek","Selected verified tee from course seed."
"sun-city-lakes-east","Sun City Lakes East","White","White","M","56.8","84","","https://cms.suncityaz.org/media/1cgj5pfg/sun-city-lakes-golf-club-east-course-13595.pdf","Selected verified tee from course seed."
"sun-city-lakes-west","Sun City Lakes West","White","White","M","67.8","112","","https://cms.suncityaz.org/media/kgrp1vqd/sun-city-az-lakes-west-123.pdf","Selected verified tee from course seed."
"sun-city-north","Sun City North","White","White","M","68.4","112","","https://cms.suncityaz.org/media/23edbm2n/north-scorecard-updated-2016-07.pdf","Selected verified tee from course seed."
"sun-city-south","Sun City South","White","White","M","67.8","113","","https://cms.suncityaz.org/media/sffcoe52/sun-city-south-118113.pdf","Selected verified tee from course seed."
"sundance-golf-club","Sundance Golf Club","Blue","Blue","M","70.6","123","","https://sundancegolfclub.com/wp-content/uploads/2025/11/SDG-SC1.pdf","Selected verified tee from course seed."
"sunridge-canyon","SunRidge Canyon","Middle","Middle","M","68.2","129","","https://customer.condoresorts.com/SunridgeCanyon","Selected verified tee from course seed."
"superstition-springs","Superstition Springs","Middle","Middle","M","70.5","124","","https://condoresorts.com/superstition-springs-golf-course-arizona/","Selected verified tee from course seed."
"talking-stick-golf-club-o-odham-formerly-north","Talking Stick Golf Club (O'odham (formerly North))","Gold/Jade","Gold/Jade","M","67.0","116","","https://www.talkingstickgolfclub.com/wp-content/uploads/sites/9799/2025/10/1651518489613-TSOodham.pdf","Selected verified tee from course seed."
"talking-stick-golf-club-piipaash-formerly-south","Talking Stick Golf Club (Piipaash (formerly South))","Gold/Jade","Gold/Jade","M","67.4","117","","https://www.talkingstickgolfclub.com/wp-content/uploads/sites/9799/2025/10/1651518483890-TSPiipaash.pdf","Selected verified tee from course seed."
"the-westin-kierland-golf-club-acacia-mesquite","The Westin Kierland Golf Club (Acacia/Mesquite)","Copper","Copper","M","69.2","123","","https://www.kierlandgolf.com/scorecard/","Selected verified tee from course seed."
"toka-sticks-golf-club","Toka Sticks Golf Club","Silver","Silver","M","66.9","110","","https://www.tokasticksgolf.com/_filelib/FileCabinet/PDFs/Scorecard.pdf","Selected verified tee from course seed."
"tpc-scottsdale-pga-champions","TPC Scottsdale PGA (Champions)","Blue/White","Blue/White","M","69.9","124","","https://tpc.com/scottsdale/wp-content/uploads/sites/50/2023/03/fileuploads_125737_4572167_106-985e0a56e785b8008a264a15e106a95b_OrderNo_134482.pdf","Selected verified tee from course seed."
"tpc-scottsdale-pga-stadium","TPC Scottsdale PGA (Stadium)","Resort Men's","Resort Men's","M","68.4","123","","https://tpc.com/scottsdale/wp-content/uploads/sites/50/2022/07/162-cdef79d76fc4bc2f7fd2555af23cf91f_13285_129082_TPC_Scottsdale-Stadium.pdf","Selected verified tee from course seed."
"trail-ridge","Trail Ridge","White","White","M","69.6","122","","https://suncitywest.com/wp-content/uploads/2023/11/trail-ridge-scorecard.pdf","Selected verified tee from course seed."
"trilogy-at-power-ranch","Trilogy at Power Ranch","Blue","Blue","M","69.0","122","","https://course.bluegolf.com/bluegolf/course/course/trilogypowerranch/detailedscorecard.htm","Selected verified tee from course seed."
"troon-north-golf-club-monument","Troon North Golf Club (Monument)","Silver","Silver","M","69.8","132","","https://www.troonnorthgolf.com/wp-content/uploads/sites/8934/2023/08/Monument-2023-Scorecard.pdf","Selected verified tee from course seed."
"troon-north-golf-club-pinnacle","Troon North Golf Club (Pinnacle)","Silver","Silver","M","69.8","131","","https://www.troonnorthgolf.com/wp-content/uploads/sites/8934/2023/08/Pinnacle-2023-Scorecard.pdf","Selected verified tee from course seed."
"union-hills","Union Hills","White","White","M","68.9","116","","https://www.unionhillscc.com/golf/course","Selected verified tee from course seed."
"verrado-founders","Verrado (Founders)","White/Blue","White/Blue","M","68.1","119","","https://www.verradogolfclub.com/_filelib/FileCabinet/Golf/Scorecards_and_Yardbooks/Founders_Course_Scorecard.pdf","Selected verified tee from course seed."
"verrado-victory","Verrado (Victory)","Silver/White","Silver/White","M","68.8","121","","https://www.verradogolfclub.com/_filelib/FileCabinet/Golf/Scorecards_and_Yardbooks/Victory_Course_Scorecard.pdf","Selected verified tee from course seed."
"viewpoint-golf-resort","Viewpoint Golf Resort","Champ","Champ","M","69.2","117","","https://www.viewpointgolfresort.com/wp-content/uploads/sites/8480/2022/04/18HoleScorecard-1.jpg","Selected verified tee from course seed."
"villa-de-paz","Villa de Paz","Champ (L)","White","F","73.3","125","6146","https://www.golfify.io/courses/villa-de-paz-golf-course","Structured Golfify tee rating/slope seed."
"villa-de-paz","Villa de Paz","Back","Blue","M","70.1","123","6641","https://www.golfify.io/courses/villa-de-paz-golf-course","Structured Golfify tee rating/slope seed."
"villa-de-paz","Villa de Paz","Middle","White","M","67.9","117","6181","https://www.golfify.io/courses/villa-de-paz-golf-course","Structured Golfify tee rating/slope seed."
"villa-de-paz","Villa de Paz","Senior (M)","Red","M","65.6","109","5558","https://www.golfify.io/courses/villa-de-paz-golf-course","Structured Golfify tee rating/slope seed."
"villa-de-paz","Villa de Paz","Forward","Red","M","69.5","115","5458","https://www.golfify.io/courses/villa-de-paz-golf-course","Structured Golfify tee rating/slope seed."
"we-ko-pa-golf-club-cholla","We-Ko-Pa Golf Club (Cholla)","Composite","Composite","M","69.4","126","","https://wekopa.com/wp-content/uploads/2024/07/WKPC-SC-2024-Cholla.pdf","Selected verified tee from course seed."
"we-ko-pa-golf-club-saguaro","We-Ko-Pa Golf Club (Saguaro)","White","White","M","68.8","125","","https://wekopa.com/wp-content/uploads/2024/07/WKPS-SC-2024-Saguaro.pdf","Selected verified tee from course seed."
"western-skies-golf-club","Western Skies Golf Club","White","White","M","68.1","113","","https://irp.cdn-website.com/d9306541/files/uploaded/Scorecard_May_2024_-_Encore.pdf","Selected verified tee from course seed."
"wickenburg-ranch-big-wick","Wickenburg Ranch (Big Wick)","Blue/White","Blue/White","M","69.6","136","","https://www.wickenburgranch.com/club/scripts/library/view_document.asp?NS=BIG&DN=BIG","Selected verified tee from course seed."
"wigwam-gold","Wigwam (Gold)","Club","Club","M","70.3","125","","https://wigwamgolf.com/wp-content/uploads/2023/05/Gold-Course-2023-Compressed.pdf","Selected verified tee from course seed."
"wildfire-golf-club-faldo","Wildfire Golf Club (Faldo)","Tournament","Black","M","72.3","132","6846","https://www.golfify.io/courses/wildfire-golf-club-faldo","Structured Golfify tee rating/slope seed."
"wildfire-golf-club-faldo","Wildfire Golf Club (Faldo)","Championship","Silver","M","70.5","126","6467","https://www.golfify.io/courses/wildfire-golf-club-faldo","Structured Golfify tee rating/slope seed."
"wildfire-golf-club-faldo","Wildfire Golf Club (Faldo)","Regular","White","M","67.7","118","6016","https://www.golfify.io/courses/wildfire-golf-club-faldo","Structured Golfify tee rating/slope seed."
"wildfire-golf-club-faldo","Wildfire Golf Club (Faldo)","Forward","Red","M","70","116","5245","https://www.golfify.io/courses/wildfire-golf-club-faldo","Structured Golfify tee rating/slope seed."
"wildfire-golf-club-palmer","Wildfire Golf Club (Palmer)","Tournament","Black","M","72.7","142","7145","https://www.golfify.io/courses/wildfire-golf-club-palmer","Structured Golfify tee rating/slope seed."
"wildfire-golf-club-palmer","Wildfire Golf Club (Palmer)","Championship","Blue","M","70.4","131","6645","https://www.golfify.io/courses/wildfire-golf-club-palmer","Structured Golfify tee rating/slope seed."
"wildfire-golf-club-palmer","Wildfire Golf Club (Palmer)","Regular","White","M","68.1","122","6060","https://www.golfify.io/courses/wildfire-golf-club-palmer","Structured Golfify tee rating/slope seed."
"wildfire-golf-club-palmer","Wildfire Golf Club (Palmer)","Forward","Red","M","70.6","118","5390","https://www.golfify.io/courses/wildfire-golf-club-palmer","Structured Golfify tee rating/slope seed."
"wildfire-golf-club-palmer","Wildfire Golf Club (Palmer)","Wildfire","Maroon","M","68.5","107","4835","https://www.golfify.io/courses/wildfire-golf-club-palmer","Structured Golfify tee rating/slope seed."
